<?xml version="1.0" encoding="UTF-8"?>
<ApexClass xmlns="http://soap.sforce.com/2006/04/metadata">
    <apiVersion>59.0</apiVersion>
    <packageVersions>
        <majorNumber>900</majorNumber>
        <minorNumber>444</minorNumber>
        <namespace>vlocity_cmt</namespace>
    </packageVersions>
    <packageVersions>
        <majorNumber>6</majorNumber>
        <minorNumber>270</minorNumber>
        <namespace>whatslly</namespace>
    </packageVersions>
    <status>Active</status>
</ApexClass>
